{"classifier_7": {"train_losses": [5.770598411560059, 5.2256646156311035, 5.0491042137146, 5.054202079772949, 4.884239196777344, 4.681051254272461, 4.733799457550049, 4.675326347351074, 4.533387660980225, 4.473391056060791, 4.311878204345703, 4.342614650726318, 4.322890281677246, 4.295868873596191, 4.145252704620361, 4.129533767700195, 4.139754295349121, 4.081882953643799, 4.1613240242004395, 4.195855140686035, 3.9865970611572266, 3.9568212032318115, 4.037153244018555, 3.9280669689178467, 3.870494842529297, 3.8653531074523926, 3.94415020942688, 3.7678709030151367, 3.836101531982422, 3.813763380050659, 3.750394344329834, 3.606285572052002, 3.6470303535461426, 3.6735198497772217, 3.4894442558288574, 3.6956419944763184, 3.56076717376709, 3.5503785610198975, 3.633829355239868, 3.5033347606658936, 3.5808145999908447, 3.556053400039673, 3.5786468982696533], "test_losses": [4.91433623046875, 4.6879570716857915, 4.4964894027709965, 4.28527004776001, 4.18254333114624, 4.059873801422119, 3.9901880096435547, 3.9110728397369385, 3.8288155021667483, 3.749072282409668, 3.709727645111084, 3.624589196014404, 3.5727671825408938, 3.514873832321167, 3.4723392623901366, 3.4314320137023926, 3.3731085189819336, 3.3555311111450195, 3.307047417831421, 3.2868817813873292, 3.2318416507720946], "test_accuracy": [3.3300000000000005, 5.11, 6.68, 9.5, 10.690000000000001, 12.100000000000001, 13.15, 14.34, 15.290000000000001, 16.69, 17.55, 19.05, 20.040000000000003, 20.810000000000002, 21.62, 22.410000000000004, 23.32, 23.35, 24.82, 25.080000000000002, 25.900000000000002]}}