{"classifier_1": {"train_losses": [5.310173988342285, 5.289519786834717, 5.173857688903809, 5.173760414123535, 4.977704048156738, 5.077596187591553, 5.033982753753662, 4.974644660949707, 4.918911457061768, 4.8776164054870605, 4.783738613128662, 4.803411960601807, 4.7373809814453125, 4.63814640045166, 4.816714763641357, 4.417285919189453, 4.449593544006348, 4.462442874908447, 4.532839298248291, 4.348968982696533, 4.393417835235596, 4.459227085113525, 4.371789932250977, 4.308745861053467, 4.408759593963623, 4.177842140197754, 4.227631568908691, 4.198510646820068, 4.32631254196167, 4.267637729644775, 4.066394805908203, 4.197000503540039, 4.136551380157471, 4.005671501159668, 4.070259094238281, 3.9736289978027344, 3.828092098236084, 3.8577916622161865, 4.00658655166626, 3.883425235748291, 4.033411026000977, 3.8307559490203857, 4.1440300941467285, 3.853764533996582, 3.9524335861206055, 3.8261759281158447, 3.9296865463256836, 4.008934020996094, 3.6690123081207275, 4.040788173675537, 3.6947476863861084, 3.645542860031128, 3.7891480922698975, 3.6293461322784424, 3.8776237964630127, 3.824108600616455, 3.5754661560058594, 3.7124013900756836, 3.7897887229919434, 3.7375409603118896, 3.574380397796631, 3.6513254642486572, 3.774047613143921, 3.7367160320281982, 3.710390090942383, 3.578742504119873, 3.6968986988067627, 3.572998523712158, 3.544921398162842, 3.5259714126586914, 3.5252535343170166, 3.5808701515197754, 3.5616934299468994, 3.2764523029327393, 3.442793369293213, 3.540827751159668, 3.4456567764282227, 3.4952030181884766, 3.5435380935668945, 3.670008659362793, 3.220909833908081, 3.3037819862365723, 3.103184223175049, 3.323899507522583, 3.2576096057891846, 3.306244373321533, 3.3798537254333496, 3.4266884326934814, 3.3012070655822754, 3.4541711807250977, 3.3248865604400635, 3.159207582473755, 3.2033259868621826, 3.1042802333831787, 3.2758724689483643, 3.2763516902923584, 3.231350898742676, 3.3183116912841797, 3.139458179473877, 3.3117542266845703, 3.246877908706665, 3.079220771789551, 3.2292068004608154, 3.061807632446289, 3.2668519020080566, 3.1099462509155273, 3.144679546356201, 3.161104202270508, 2.8865463733673096, 3.032158613204956, 3.05430006980896, 3.1200485229492188, 2.8167994022369385, 3.0146162509918213, 3.2812089920043945, 2.772409200668335, 2.852231740951538, 2.9353575706481934, 2.773874282836914, 2.7495954036712646], "test_losses": [5.579630072021485, 5.417993166351319, 5.146369718170166, 5.12182971572876, 4.8807019508361815, 4.627693952941894, 4.792806639099121, 4.5640599678039555, 4.424719895935058, 4.4581849494934085, 4.4030487258911135, 4.292076830291748, 4.2780780128479, 4.319575405883789, 4.326908410644531, 4.199093920135498, 4.129726342773438, 4.1620464050292965, 4.1341309761047365, 4.226453269958496, 4.177791463470459, 4.2155869026184085, 4.11522865524292, 4.182953382110596, 4.139624462890625, 4.277775923919678, 4.0369685245513915, 4.102826567077637, 4.048186497497559, 3.991789478302002], "test_accuracy": [0.52, 1.4700000000000002, 2.7, 3.1900000000000004, 5.16, 6.2700000000000005, 6.5600000000000005, 8.18, 9.23, 9.15, 9.790000000000001, 11.0, 11.77, 11.020000000000001, 11.71, 12.660000000000002, 13.440000000000001, 13.670000000000002, 13.55, 13.55, 14.23, 13.920000000000002, 14.980000000000002, 14.46, 15.230000000000002, 14.000000000000002, 16.290000000000003, 15.82, 16.76, 17.04]}, "classifier_2.1": {"train_losses": [5.298712730407715, 5.2530927658081055, 5.209068775177002, 5.213984489440918, 5.1211395263671875, 5.1247076988220215, 5.056888103485107, 5.017989158630371, 5.120057106018066, 5.052792072296143, 5.05123233795166, 5.006320953369141, 5.030670642852783, 5.026586532592773, 4.988183498382568, 4.908710956573486, 5.037715435028076, 4.974830150604248, 5.008037567138672, 4.836581230163574, 4.963774681091309, 4.90081787109375, 4.873062610626221, 4.846633434295654, 4.852697372436523, 4.729099273681641, 4.735274791717529, 4.738368511199951, 4.716979026794434, 4.689970016479492, 4.622363090515137, 4.766787528991699, 4.7330498695373535, 4.517397403717041, 4.616730690002441, 4.6239824295043945, 4.6315226554870605, 4.507586479187012, 4.48988676071167, 4.682201385498047, 4.579207897186279, 4.5570855140686035, 4.429457187652588, 4.4402055740356445, 4.349681377410889, 4.467878818511963, 4.52868127822876, 4.427555561065674, 4.31813907623291, 4.373876094818115, 4.335158824920654, 4.351662635803223, 4.486185550689697, 4.311212062835693, 4.453032970428467, 4.352290630340576, 4.390764236450195, 4.358672142028809, 4.156089782714844, 4.267477035522461, 4.309366703033447, 4.185557842254639, 4.18450403213501, 4.124761581420898, 4.1727824211120605, 4.303440570831299, 4.202818870544434, 4.196609020233154, 4.232502460479736, 4.082797527313232, 4.293442726135254, 4.115177154541016, 3.9576547145843506, 4.161408424377441, 4.212640762329102, 4.046135902404785, 4.145197868347168, 4.025864601135254, 4.020036220550537, 3.821119785308838, 4.0544514656066895, 4.068365573883057, 4.196834087371826, 3.9936819076538086, 3.748065948486328, 4.16657829284668, 4.007353782653809, 4.017174243927002, 3.919619083404541, 3.956829309463501, 3.8993546962738037, 4.200929164886475, 3.982211112976074, 4.013003349304199, 3.889510154724121, 3.9572057723999023, 3.698190212249756, 4.209407806396484, 3.962700366973877, 4.042850971221924, 3.748809814453125, 3.7267017364501953, 4.133950233459473, 3.7206125259399414, 3.6894121170043945, 3.853397846221924, 3.8598458766937256, 3.869112491607666, 3.682950258255005, 3.516697883605957, 3.7442681789398193, 3.9336376190185547, 3.6326630115509033, 3.8003134727478027, 3.7625832557678223, 3.6681065559387207, 3.555004596710205, 3.717698812484741, 3.6198675632476807, 3.7379744052886963], "test_losses": [5.392357611846924, 5.4000799850463865, 5.4918170814514164, 5.666291181945801, 5.378091722106934, 5.310041471099853, 5.101322496032715, 5.279719603729248, 5.167450520324707, 4.950344804382325, 4.987308836364746, 4.851208811187744, 4.790229814147949, 5.11084679145813, 4.729386192321777, 4.76352660522461, 4.84102152633667, 4.822361072540283, 4.7394303070068355, 4.77753514175415, 4.717925099182129, 4.681402914428711, 4.582079621887207, 4.723870403289795, 4.678875173950195, 4.467003804779052, 4.419157971954346, 4.450475877380371, 4.302520625305176, 4.359844258880615], "test_accuracy": [0.66, 0.53, 0.55, 0.64, 1.02, 1.4500000000000002, 2.3800000000000003, 2.21, 2.73, 3.6799999999999997, 3.9600000000000004, 4.63, 4.92, 4.500000000000001, 5.82, 5.510000000000001, 5.87, 5.590000000000001, 5.98, 6.39, 7.050000000000001, 7.470000000000001, 8.19, 7.350000000000001, 7.86, 9.4, 9.44, 9.180000000000001, 10.85, 10.33]}}