{"classifier_3": {"train_losses": [5.302295684814453, 5.255497455596924, 5.202895164489746, 5.181131362915039, 5.137042045593262, 5.082618236541748, 5.102505207061768, 5.045934677124023, 5.057453155517578, 5.035336494445801, 5.101508140563965, 4.940986633300781, 4.907598495483398, 4.870633602142334, 4.883519649505615, 4.851339340209961, 4.664687156677246, 4.745141506195068, 4.651740074157715, 4.698302268981934, 4.658743858337402, 4.626559734344482, 4.719886779785156, 4.589922904968262, 4.424792289733887, 4.431987762451172, 4.485196590423584, 4.369974613189697, 4.373839855194092, 4.313645362854004, 4.4085211753845215, 4.2410078048706055, 4.213266849517822, 4.305830955505371, 4.310786724090576, 4.3110480308532715, 4.173348903656006, 4.073647975921631, 4.124538898468018, 4.0544562339782715, 4.016646862030029, 4.051962852478027, 4.181598663330078, 4.11271858215332, 4.022132873535156, 4.027174949645996, 4.055744647979736, 4.173011779785156, 3.817075490951538, 4.052527904510498, 3.9346237182617188, 3.974482774734497, 3.8076303005218506, 3.7051525115966797, 3.8187286853790283, 3.737596035003662, 3.59420108795166, 3.6284830570220947, 3.700265407562256, 3.696028232574463, 3.411160707473755, 3.6044561862945557, 3.764370918273926, 3.500919818878174, 3.371190071105957, 3.7176849842071533, 3.7761402130126953, 3.484351634979248, 3.3541951179504395, 3.448308229446411, 3.4096977710723877, 3.4850246906280518, 3.316561460494995, 3.3926403522491455, 3.6749508380889893, 3.621206283569336, 3.203856945037842, 3.0347840785980225, 3.4263358116149902, 3.115847587585449, 3.032216787338257, 3.0828592777252197, 3.1258397102355957, 3.3668389320373535, 3.108349084854126, 3.074507474899292, 3.274327039718628, 3.1331593990325928, 2.8877978324890137, 2.728916883468628, 2.9721274375915527, 2.94456148147583, 2.6817421913146973, 2.5779645442962646, 2.6904730796813965, 2.6521570682525635, 2.34734845161438, 2.5068745613098145, 2.5598058700561523, 2.4930365085601807, 2.258937120437622, 2.0369985103607178, 2.2920122146606445, 2.301116943359375, 1.7398961782455444, 2.0903971195220947, 2.073992967605591, 2.1182467937469482, 1.6404328346252441, 1.5944647789001465, 1.904223918914795, 2.049767017364502, 1.441640019416809, 1.4401568174362183, 1.5332430601119995, 1.5797755718231201, 1.0830388069152832, 1.3621238470077515, 1.2694029808044434, 1.3230478763580322], "test_losses": [5.499395477294922, 5.385151769256592, 5.580900490570069, 5.174139350128174, 5.0009936378479, 4.839413484191894, 4.69323662109375, 4.5477505172729495, 4.402473977661133, 4.252475214004517, 4.435767378234863, 4.29908007888794, 4.176417226028442, 4.109053926086426, 4.0347407371521, 4.032908350372314, 4.053265398406983, 3.9613832233428954, 4.172615432739258, 4.111389364624023, 4.200175984954834, 4.187539052581787, 4.314439729309082, 4.377020433044434, 4.583566074371338, 4.745885987091064, 5.1248675796508785, 5.31724853515625, 5.552618212890625, 5.862131141662598], "test_accuracy": [0.47000000000000003, 0.9400000000000001, 1.03, 2.41, 3.5900000000000003, 4.9, 6.03, 7.48, 8.74, 10.43, 9.580000000000002, 10.940000000000001, 11.81, 12.7, 13.73, 14.31, 14.57, 15.64, 14.020000000000001, 15.030000000000001, 14.81, 15.42, 14.430000000000001, 14.469999999999999, 14.469999999999999, 13.61, 13.3, 12.740000000000002, 12.990000000000002, 11.860000000000001]}}