{"classifier_1": {"train_losses": [5.310173988342285, 5.289519786834717, 5.173857688903809, 5.173760414123535, 4.977704048156738, 5.077596187591553, 5.033982753753662, 4.974644660949707, 4.918911457061768, 4.8776164054870605, 4.783738613128662, 4.803411960601807, 4.7373809814453125, 4.63814640045166, 4.816714763641357, 4.417285919189453, 4.449593544006348, 4.462442874908447, 4.532839298248291, 4.348968982696533, 4.393417835235596, 4.459227085113525, 4.371789932250977, 4.308745861053467, 4.408759593963623, 4.177842140197754, 4.227631568908691, 4.198510646820068, 4.32631254196167, 4.267637729644775, 4.066394805908203, 4.197000503540039, 4.136551380157471, 4.005671501159668, 4.070259094238281, 3.9736289978027344, 3.828092098236084, 3.8577916622161865, 4.00658655166626, 3.883425235748291, 4.033411026000977, 3.8307559490203857, 4.1440300941467285, 3.853764533996582, 3.9524335861206055, 3.8261759281158447, 3.9296865463256836, 4.008934020996094, 3.6690123081207275, 4.040788173675537, 3.6947476863861084, 3.645542860031128, 3.7891480922698975, 3.6293461322784424, 3.8776237964630127, 3.824108600616455, 3.5754661560058594, 3.7124013900756836, 3.7897887229919434, 3.7375409603118896, 3.574380397796631, 3.6513254642486572, 3.774047613143921, 3.7367160320281982, 3.710390090942383, 3.578742504119873, 3.6968986988067627, 3.572998523712158, 3.544921398162842, 3.5259714126586914, 3.5252535343170166, 3.5808701515197754, 3.5616934299468994, 3.2764523029327393, 3.442793369293213, 3.540827751159668, 3.4456567764282227, 3.4952030181884766, 3.5435380935668945, 3.670008659362793, 3.220909833908081, 3.3037819862365723, 3.103184223175049, 3.323899507522583, 3.2576096057891846, 3.306244373321533, 3.3798537254333496, 3.4266884326934814, 3.3012070655822754, 3.4541711807250977, 3.3248865604400635, 3.159207582473755, 3.2033259868621826, 3.1042802333831787, 3.2758724689483643, 3.2763516902923584, 3.231350898742676, 3.3183116912841797, 3.139458179473877, 3.3117542266845703, 3.246877908706665, 3.079220771789551, 3.2292068004608154, 3.061807632446289, 3.2668519020080566, 3.1099462509155273, 3.144679546356201, 3.161104202270508, 2.8865463733673096, 3.032158613204956, 3.05430006980896, 3.1200485229492188, 2.8167994022369385, 3.0146162509918213, 3.2812089920043945, 2.772409200668335, 2.852231740951538, 2.9353575706481934, 2.773874282836914, 2.7495954036712646], "test_losses": [5.579630072021485, 5.417993166351319, 5.146369718170166, 5.12182971572876, 4.8807019508361815, 4.627693952941894, 4.792806639099121, 4.5640599678039555, 4.424719895935058, 4.4581849494934085, 4.4030487258911135, 4.292076830291748, 4.2780780128479, 4.319575405883789, 4.326908410644531, 4.199093920135498, 4.129726342773438, 4.1620464050292965, 4.1341309761047365, 4.226453269958496, 4.177791463470459, 4.2155869026184085, 4.11522865524292, 4.182953382110596, 4.139624462890625, 4.277775923919678, 4.0369685245513915, 4.102826567077637, 4.048186497497559, 3.991789478302002], "test_accuracy": [0.52, 1.4700000000000002, 2.7, 3.1900000000000004, 5.16, 6.2700000000000005, 6.5600000000000005, 8.18, 9.23, 9.15, 9.790000000000001, 11.0, 11.77, 11.020000000000001, 11.71, 12.660000000000002, 13.440000000000001, 13.670000000000002, 13.55, 13.55, 14.23, 13.920000000000002, 14.980000000000002, 14.46, 15.230000000000002, 14.000000000000002, 16.290000000000003, 15.82, 16.76, 17.04]}}