{"classifier_4": {"train_losses": [5.299967288970947, 5.295567512512207, 5.300266265869141, 5.2938103675842285, 5.226464748382568, 5.183947563171387, 5.222346305847168, 5.172924041748047, 5.064759731292725, 5.111380100250244, 5.048330307006836, 5.050474166870117, 4.960452079772949, 4.89763879776001, 4.890549182891846, 4.995401382446289, 4.86740779876709, 4.753792762756348, 4.720664024353027, 4.591609001159668, 4.524643421173096, 4.5902204513549805, 4.594306945800781, 4.521993637084961, 4.503830432891846, 4.477118492126465, 4.530644416809082, 4.489574432373047, 4.456165790557861, 4.330844879150391, 4.352619647979736, 4.396156311035156, 4.1520466804504395, 4.1536149978637695, 4.166845798492432, 4.258939266204834, 4.110463619232178, 4.435870170593262, 4.232595443725586, 4.038750171661377, 3.9311516284942627, 4.062999725341797, 4.034724712371826, 4.020214557647705, 3.9320132732391357, 4.1691999435424805, 3.8872711658477783, 3.7618956565856934, 3.8371076583862305, 3.7583415508270264, 4.104361534118652, 4.0915398597717285, 3.8754611015319824, 3.644092559814453, 3.744370460510254, 3.783510684967041, 3.7354342937469482, 3.712200403213501, 3.798288106918335, 3.637418746948242, 3.5876855850219727, 3.7140369415283203, 3.5635626316070557, 3.4857237339019775, 3.287749767303467, 3.579698324203491, 3.5766704082489014, 3.4890823364257812, 3.4658076763153076, 3.514326333999634, 3.6041154861450195, 3.535691261291504, 3.331761360168457, 3.432050943374634, 3.303978443145752, 3.1781158447265625, 3.146336793899536, 3.4223742485046387, 3.2402870655059814, 3.468653678894043, 3.0985586643218994, 3.2224314212799072, 3.1406102180480957, 3.215543270111084, 3.2107551097869873, 3.2018580436706543, 3.2433481216430664, 3.2679455280303955, 3.0856099128723145, 3.0023510456085205, 3.223637580871582, 3.205010414123535, 3.0233559608459473, 3.007871150970459, 2.9813296794891357, 3.118379831314087, 2.8763670921325684, 3.0395185947418213, 2.972125291824341, 2.8372766971588135, 3.024092435836792, 2.9338650703430176, 2.8352210521698, 3.008540391921997, 3.130030393600464, 2.5572261810302734, 2.7747230529785156, 2.8280835151672363, 2.779942274093628, 2.8705596923828125, 2.8758158683776855, 2.975389242172241, 2.833688259124756, 2.842735767364502, 2.6620633602142334, 2.887725353240967, 2.6442861557006836, 2.574432134628296, 2.6991124153137207, 2.8665387630462646], "test_losses": [5.298421018981934, 5.79365348815918, 5.523754098510742, 5.190803907775879, 4.824786009979248, 4.7207586898803715, 4.65438688583374, 4.467401162719726, 4.292618458557129, 4.141108456802368, 3.986099803161621, 3.9318503326416017, 3.9629571453094483, 3.8468404693603517, 3.7297427055358887, 3.681617272949219, 3.810855406188965, 3.5547415691375734, 3.574064003753662, 3.5126164604187013, 3.5378179347991945, 3.4640723232269286, 3.408836233520508, 3.3097768753051757, 3.346503761291504, 3.2521478309631346, 3.3381807476043703, 3.2409218032836913, 3.227532063293457, 3.1836109104156494], "test_accuracy": [0.5, 0.5, 0.67, 1.73, 3.4000000000000004, 4.300000000000001, 5.390000000000001, 7.24, 8.57, 10.98, 13.0, 14.52, 13.600000000000001, 15.790000000000001, 16.75, 17.86, 16.69, 20.6, 20.06, 20.51, 21.47, 22.220000000000002, 23.42, 24.79, 24.560000000000002, 25.91, 24.96, 26.619999999999997, 26.52, 27.73]}}