{"resnet_model_18_pretrained": {"train_losses": [5.746464729309082, 2.501682758331299, 1.90974760055542, 1.575078010559082, 1.2409714460372925, 1.307145118713379, 0.8892826437950134, 0.7866693139076233, 0.5845511555671692, 0.550913393497467, 0.32870417833328247, 0.2961433231830597, 0.18920230865478516, 0.1284160614013672, 0.048556141555309296, 0.06028725206851959, 0.03058670647442341, 0.027935076504945755, 0.02104954980313778, 0.017967043444514275, 0.015365218743681908, 0.014487217180430889, 0.011868377216160297, 0.011176693253219128, 0.00981652457267046, 0.009026906453073025, 0.00860389694571495, 0.00914756953716278, 0.0072021991945803165, 0.0069402530789375305, 0.006153631955385208, 0.006224963814020157, 0.005697919521480799, 0.005562027916312218, 0.005176443140953779, 0.005051903892308474, 0.010551649145781994, 0.005092036444693804, 0.004823674447834492, 0.0050534759648144245], "test_losses": [2.164730472946167, 1.9529580474853516, 1.9597370086669923, 1.9624983535766602, 2.0407649002075194, 2.1416405101776124, 2.1695284591674806, 2.2138639907836914, 2.252172927093506, 2.2903963069915774, 2.317586102294922, 2.348051457977295, 2.3660013526916504, 2.383819752883911, 2.3983226860046387, 2.41878917427063, 2.430314888763428, 2.4448577903747557, 2.4567042572021482, 2.464017398452759], "test_accuracy": [46.77, 51.760000000000005, 52.42, 53.03, 52.82, 52.760000000000005, 53.59, 53.53, 53.71, 53.65, 53.68000000000001, 53.800000000000004, 53.400000000000006, 53.480000000000004, 53.55, 53.33, 53.5, 53.25, 53.5, 53.510000000000005]}}