{"resnet_model_18": {"train_losses": [5.455436706542969, 4.955394268035889, 4.513871192932129, 4.044651985168457, 3.876810312271118, 3.7161405086517334, 3.4754045009613037, 3.2084693908691406, 3.172020196914673, 3.196291923522949, 2.7970590591430664, 2.944032669067383, 2.5256426334381104, 2.5704259872436523, 2.3526999950408936, 2.3001561164855957, 1.8159793615341187, 1.9348596334457397, 1.4540265798568726, 1.6212577819824219, 1.3167247772216797, 1.2301905155181885, 0.8809642195701599, 0.7439674139022827, 0.5139246582984924, 0.42862793803215027, 0.2506677508354187, 0.18129250407218933, 0.08560542017221451, 0.070021852850914, 0.03439876809716225, 0.026661232113838196, 0.020219922065734863, 0.03111599013209343, 0.018594445660710335, 0.01648707129061222, 0.023316696286201477, 0.014481008052825928, 0.013108533807098866, 0.011516035534441471, 0.009911837056279182, 0.009767232462763786, 0.008904472924768925, 0.00826162938028574, 0.008599122986197472, 0.008116154000163078, 0.006923561450093985, 0.008230715058743954, 0.007057625334709883, 0.01218403596431017, 0.006100867874920368, 0.0067208306863904, 0.005687807220965624, 0.005604506935924292, 0.005119166802614927, 0.005410816520452499, 0.005193671677261591, 0.005340220872312784, 0.005398398265242577, 0.0046335263177752495], "test_losses": [4.535148918914795, 4.0323666526794435, 3.7403463848114016, 3.569410034561157, 3.5736126194000244, 3.430232213592529, 3.4220303810119628, 3.42762964553833, 3.4847362205505372, 3.6763572067260744, 3.84247060546875, 4.0580144760131835, 4.17578878326416, 4.299891232299805, 4.309057397842407, 4.36052853012085, 4.396183601379395, 4.447724614715576, 4.4838930534362795, 4.515249625396729, 4.548028287506104, 4.573068154144287, 4.609479459381103, 4.630467993164062, 4.6561777214050295, 4.677882964324951, 4.690260643005371, 4.709226958465576, 4.732634356689453, 4.743934297180176], "test_accuracy": [7.780000000000001, 13.920000000000002, 17.6, 20.89, 21.130000000000003, 22.89, 23.74, 24.59, 24.52, 22.900000000000002, 23.18, 21.75, 22.57, 22.830000000000002, 23.62, 23.91, 23.91, 23.8, 23.68, 23.76, 23.720000000000002, 23.79, 23.54, 23.74, 24.080000000000002, 23.73, 23.630000000000003, 23.62, 23.62, 23.68]}}